11787,Cynthia Reeves,,,rubiofrank,F,vasquezkathryn@gmail.com,2009-05-17 00:00:00,8496,326-44-3113
13692,David Fletcher,,,jill18,M,shelbysweeney@hotmail.com,1984-08-05 00:00:00,30278,541-80-2945
14599,David Lopez,,,williamsonhannah,M,rsmith@yahoo.com,1936-06-23 00:00:00,10174,381-68-5311
17985,Alexander Wells,,,emma01,M,qbraun@gmail.com,2003-06-28 00:00:00,41816,170-22-7623
19844,Amanda Quinn,,,edward39,F,andrewbauer@gmail.com,1984-06-20 00:00:00,936,178-46-4827
21229,Nathan Kirk,,,adrake,M,paula36@hotmail.com,1911-01-06 00:00:00,36956,754-59-1488
22900,Jasmine Cruz,,,fgarcia,F,dixoncarl@yahoo.com,1939-07-05 00:00:00,38735,772-47-8610
22942,Rhonda Vaughan,,,andrea87,F,tracysosa@yahoo.com,1972-06-24 00:00:00,48838,661-54-5250
24321,Kelsey Grant,,,aaron20,F,pamela18@hotmail.com,1944-11-28 00:00:00,32232,198-43-6723
28012,Marc Ponce,,,allenkristin,M,cindydavis@gmail.com,2003-01-29 00:00:00,9127,176-28-6303
28838,Ashley Williams,,,bernard52,F,blewis@hotmail.com,1967-06-11 00:00:00,49470,036-50-9261
30288,Zachary Garcia,,,wmoses,M,heatherhayden@yahoo.com,1933-01-11 00:00:00,45101,540-62-7123
30306,Brent Hernandez,,,matthewtownsend,M,ferrellkeith@hotmail.com,1932-09-30 00:00:00,31534,418-50-0307
30361,Meghan Perkins,,,stephaniesantos,F,tbraun@gmail.com,1924-11-09 00:00:00,32412,272-95-3467
30933,Chad Bridges,,,ldickson,M,barnesdustin@hotmail.com,1911-03-18 00:00:00,9127,425-62-6144
31726,Maria Harris,,,adamsjessica,F,deleonwilliam@gmail.com,1909-02-16 00:00:00,39738,658-91-1276
35741,Damon Jensen,,,larry03,M,jeremy94@gmail.com,1911-08-11 00:00:00,13421,454-87-9994
37425,Ashley Cook,,,mary59,F,harnold@gmail.com,1935-06-21 00:00:00,56325,136-72-4870
40613,Amber Vaughan,,,pam83,F,sanchezrebecca@yahoo.com,1981-04-07 00:00:00,44213,025-58-0099
41528,David Waters,,,teresawhite,M,matthew91@gmail.com,1911-03-31 00:00:00,36956,276-42-1693
42763,Brittany Johnson,,,hoodcarla,F,phillipharper@hotmail.com,1935-07-19 00:00:00,54352,464-72-9958
49036,Linda Foster,,,jason95,F,ejenkins@hotmail.com,1983-02-14 00:00:00,45724,008-78-5319
51568,Lisa Hopkins,,,qclark,F,gmiller@yahoo.com,2017-03-26 00:00:00,34298,050-74-0663
54678,Patrick Spears,,,victor16,M,leonardsutton@gmail.com,1969-10-29 00:00:00,18348,232-95-6022
54714,Zachary Diaz,,,sandovalthomas,M,pachecosteven@yahoo.com,1945-04-11 00:00:00,27383,523-34-6453
56240,Brian Kelly,,,smithcathy,M,vschneider@gmail.com,1912-04-01 00:00:00,32347,184-64-2477
62153,Kyle Powell,,,william22,M,kimberly87@gmail.com,2008-08-08 00:00:00,24257,399-90-0630
63745,Jaime Rogers,,,tryan,M,jenkinsmatthew@gmail.com,2004-05-16 00:00:00,32406,277-21-2469
66475,Matthew Cisneros,,,rward,M,tylerdavid@gmail.com,2005-11-26 00:00:00,7954,862-64-9829
67181,Gilbert Jenkins,,,kathleen15,M,michaelanderson@hotmail.com,1954-03-15 00:00:00,8179,523-28-8739
68828,Lindsey Oliver,,,emily97,F,morriskrystal@hotmail.com,2000-03-10 00:00:00,38735,182-83-8393
68965,Charles Taylor,,,hernandezdavid,M,courtney64@gmail.com,1927-08-25 00:00:00,32347,722-44-3590
69062,Veronica Harding,,,sheilalopez,F,tatealexis@hotmail.com,1942-09-18 00:00:00,41816,152-45-5866
69180,Patricia Dixon,,,kmcdonald,F,heatherclark@yahoo.com,2002-01-17 00:00:00,33875,400-03-4858
75012,Brenda Williams,,,matthewsmith,F,rfischer@yahoo.com,1944-05-27 00:00:00,9127,261-88-9536
75015,Carla Fisher,,,nancy26,F,emilyjames@gmail.com,1962-08-11 00:00:00,936,883-52-4297
75489,Michael Goodman,,,jennaarnold,M,luis49@hotmail.com,1949-02-24 00:00:00,39984,804-34-3290
75971,Dalton Fritz,,,nicholsdavid,M,palmercassandra@hotmail.com,1984-02-16 00:00:00,44445,325-86-7252
78027,Jeffrey Alexander,,,maldonadoveronica,M,penavanessa@hotmail.com,1965-02-17 00:00:00,32406,439-03-8922
78130,Madeline Stevenson,,,darrellmorris,F,alisongreer@yahoo.com,1953-03-30 00:00:00,32232,269-87-7723
88163,Barbara Giles,,,hschmitt,F,ashley83@hotmail.com,1936-01-29 00:00:00,15690,158-26-1039
88275,Aaron Cain,,,melissanavarro,M,ishepherd@yahoo.com,1950-06-22 00:00:00,48838,429-13-3089
89794,Amy Price,,,brandi45,F,preyes@gmail.com,1947-07-31 00:00:00,41533,357-71-3290
91667,Ann Crawford,,,kellyhill,F,hbrown@gmail.com,1951-03-02 00:00:00,48838,441-73-2361
93085,Dr. Isaiah Davies,,,gallagherelizabeth,M,kscott@yahoo.com,2005-11-05 00:00:00,25967,603-44-4266
94307,Heather Davis,,,morrowderrick,F,joshua07@yahoo.com,1974-11-22 00:00:00,36635,701-52-4328
95315,Michelle Hill,,,hsalinas,F,fernandezeric@gmail.com,1946-11-26 00:00:00,36254,404-52-4637
95806,William Mccarty,,,shannon19,M,kaitlyn18@hotmail.com,1908-05-03 00:00:00,33095,510-79-8288
95937,Ricky Barnes,,,timothysantana,M,rebekahsmith@hotmail.com,1930-09-28 00:00:00,28453,537-82-1859
98496,Kristina Flynn,,,fletchercathy,F,fdixon@hotmail.com,1974-07-24 00:00:00,14154,319-69-0621
