11787,Cynthia Reeves,Phytotherapist,Ramirez, Scott and Rose,rubiofrank,F,vasquezkathryn@gmail.com,2009-05-16 00:00:00,1085,326-44-3113
13692,David Fletcher,Investment banker, operational,Anderson Ltd,jill18,M,shelbysweeney@hotmail.com,1984-08-04 00:00:00,32412,541-80-2945
14599,David Lopez,Surgeon,Davis Group,williamsonhannah,M,rsmith@yahoo.com,1936-06-22 00:00:00,46241,381-68-5311
17985,Alexander Wells,Financial trader,Sutton Group,emma01,M,qbraun@gmail.com,2003-06-27 00:00:00,27540,170-22-7623
19844,Amanda Quinn,Magazine journalist,Stokes PLC,edward39,F,andrewbauer@gmail.com,1984-06-19 00:00:00,31534,178-46-4827
21229,Nathan Kirk,Engineer, mining,Meyer, Valenzuela and Howard,adrake,M,paula36@hotmail.com,1911-01-05 00:00:00,50605,754-59-1488
22900,Jasmine Cruz,Education officer, museum,Horne Inc,fgarcia,F,dixoncarl@yahoo.com,1939-07-04 00:00:00,5696,772-47-8610
22942,Rhonda Vaughan,Designer, exhibition/display,Thompson-Scott,andrea87,F,tracysosa@yahoo.com,1972-06-23 00:00:00,18992,661-54-5250
24321,Kelsey Grant,Airline pilot,Collins-Howell,aaron20,F,pamela18@hotmail.com,1944-11-27 00:00:00,21793,198-43-6723
28012,Marc Ponce,Government social research officer,Glass Ltd,allenkristin,M,cindydavis@gmail.com,2003-01-28 00:00:00,5696,176-28-6303
28838,Ashley Williams,Office manager,Edwards, Suarez and Thomas,bernard52,F,blewis@hotmail.com,1967-06-10 00:00:00,18992,036-50-9261
30288,Zachary Garcia,Interpreter,Silva, Washington and Moses,wmoses,M,heatherhayden@yahoo.com,1933-01-10 00:00:00,53869,540-62-7123
30306,Brent Hernandez,Careers information officer,Hernandez and Sons,matthewtownsend,M,ferrellkeith@hotmail.com,1932-09-29 00:00:00,50625,418-50-0307
30361,Meghan Perkins,Textile designer,Walter Group,stephaniesantos,F,tbraun@gmail.com,1924-11-08 00:00:00,14154,272-95-3467
30933,Chad Bridges,Geographical information systems officer,Cortez, Kim and Kelley,ldickson,M,barnesdustin@hotmail.com,1911-03-17 00:00:00,8179,425-62-6144
31726,Maria Harris,Airline pilot,Ray-Ford,adamsjessica,F,deleonwilliam@gmail.com,1909-02-15 00:00:00,1085,658-91-1276
35741,Damon Jensen,Academic librarian,Brown and Sons,larry03,M,jeremy94@gmail.com,1911-08-10 00:00:00,49470,454-87-9994
37425,Ashley Cook,Passenger transport manager,Williams Group,mary59,F,harnold@gmail.com,1935-06-20 00:00:00,50605,136-72-4870
40613,Amber Vaughan,Professor Emeritus,Bell Group,pam83,F,sanchezrebecca@yahoo.com,1981-04-06 00:00:00,33095,025-58-0099
41528,David Waters,Careers adviser,Owen-Howard,teresawhite,M,matthew91@gmail.com,1911-03-30 00:00:00,34298,276-42-1693
42763,Brittany Johnson,Social worker,Robinson Ltd,hoodcarla,F,phillipharper@hotmail.com,1935-07-18 00:00:00,25967,464-72-9958
49036,Linda Foster,Training and development officer,Burns Group,jason95,F,ejenkins@hotmail.com,1983-02-13 00:00:00,42021,008-78-5319
51568,Lisa Hopkins,Nurse, mental health,Hoover Group,qclark,F,gmiller@yahoo.com,2017-03-25 00:00:00,4348,050-74-0663
54678,Patrick Spears,Chemist, analytical,Torres Group,victor16,M,leonardsutton@gmail.com,1969-10-28 00:00:00,50605,232-95-6022
54714,Zachary Diaz,Scientist, water quality,Mcbride, Walker and Williams,sandovalthomas,M,pachecosteven@yahoo.com,1945-04-10 00:00:00,24257,523-34-6453
56240,Brian Kelly,Engineer, manufacturing,Gonzalez-Lopez,smithcathy,M,vschneider@gmail.com,1912-03-31 00:00:00,51256,184-64-2477
62153,Kyle Powell,Nature conservation officer,Rowe-Garrett,william22,M,kimberly87@gmail.com,2008-08-07 00:00:00,24257,399-90-0630
63745,Jaime Rogers,Engineer, electrical,Carter, Shields and Garcia,tryan,M,jenkinsmatthew@gmail.com,2004-05-15 00:00:00,5696,277-21-2469
66475,Matthew Cisneros,Accountant, chartered certified,Austin, Powell and Harding,rward,M,tylerdavid@gmail.com,2005-11-25 00:00:00,1085,862-64-9829
67181,Gilbert Jenkins,Tax inspector,Cook, Wright and Taylor,kathleen15,M,michaelanderson@hotmail.com,1954-03-14 00:00:00,36254,523-28-8739
68828,Lindsey Oliver,Sub,Johnson PLC,emily97,F,morriskrystal@hotmail.com,2000-03-09 00:00:00,39984,182-83-8393
68965,Charles Taylor,Lobbyist,Martin and Sons,hernandezdavid,M,courtney64@gmail.com,1927-08-24 00:00:00,39984,722-44-3590
69062,Veronica Harding,Contractor,Sims, Hicks and Smith,sheilalopez,F,tatealexis@hotmail.com,1942-09-17 00:00:00,8179,152-45-5866
69180,Patricia Dixon,Barrister's clerk,Cook-Walsh,kmcdonald,F,heatherclark@yahoo.com,2002-01-16 00:00:00,48432,400-03-4858
75012,Brenda Williams,Arts development officer,Nelson Inc,matthewsmith,F,rfischer@yahoo.com,1944-05-26 00:00:00,6865,261-88-9536
75015,Carla Fisher,Publishing copy,Hodge PLC,nancy26,F,emilyjames@gmail.com,1962-08-10 00:00:00,42021,883-52-4297
75489,Michael Goodman,Fast food restaurant manager,Mathews-Robertson,jennaarnold,M,luis49@hotmail.com,1949-02-23 00:00:00,18348,804-34-3290
75971,Dalton Fritz,Investment banker, operational,Santiago Group,nicholsdavid,M,palmercassandra@hotmail.com,1984-02-15 00:00:00,1085,325-86-7252
78027,Jeffrey Alexander,Surveyor, building,Austin-Clark,maldonadoveronica,M,penavanessa@hotmail.com,1965-02-16 00:00:00,30278,439-03-8922
78130,Madeline Stevenson,Web designer,Burke-Hancock,darrellmorris,F,alisongreer@yahoo.com,1953-03-29 00:00:00,22119,269-87-7723
88163,Barbara Giles,Environmental health practitioner,Smith, Griffin and Smith,hschmitt,F,ashley83@hotmail.com,1936-01-28 00:00:00,32347,158-26-1039
88275,Aaron Cain,Teacher, early years/pre,Morrison-Davis,melissanavarro,M,ishepherd@yahoo.com,1950-06-21 00:00:00,53869,429-13-3089
89794,Amy Price,Print production planner,Moore-Le,brandi45,F,preyes@gmail.com,1947-07-30 00:00:00,8496,357-71-3290
91667,Ann Crawford,Tourism officer,Thompson, Alexander and Lane,kellyhill,F,hbrown@gmail.com,1951-03-01 00:00:00,7954,441-73-2361
93085,Dr. Isaiah Davies,Operations geologist,Hunt-Peterson,gallagherelizabeth,M,kscott@yahoo.com,2005-11-04 00:00:00,7954,603-44-4266
94307,Heather Davis,Dietitian,Ortiz, Guerrero and Kim,morrowderrick,F,joshua07@yahoo.com,1974-11-21 00:00:00,9127,701-52-4328
95315,Michelle Hill,Sports therapist,Johnson Inc,hsalinas,F,fernandezeric@gmail.com,1946-11-25 00:00:00,32406,404-52-4637
95806,William Mccarty,Software engineer,Duke-Hammond,shannon19,M,kaitlyn18@hotmail.com,1908-05-02 00:00:00,4348,510-79-8288
95937,Ricky Barnes,Editorial assistant,Wood-Sampson,timothysantana,M,rebekahsmith@hotmail.com,1930-09-27 00:00:00,30908,537-82-1859
98496,Kristina Flynn,Plant breeder/geneticist,Roberts Group,fletchercathy,F,fdixon@hotmail.com,1974-07-23 00:00:00,6650,319-69-0621
