Customer_ID,name,job,company,ssn,username,sex,mail,birthdate,Location_ID
87471,Darrell Walton,Psychotherapist,Castro LLC,363-81-7745,james67,M,scottharris@hotmail.com,1912-05-19,42021
60901,Cheryl Miller,Analytical chemist,Schultz and Sons,373-08-2841,jacob34,F,falexander@gmail.com,1938-06-04,32232
22940,Mitchell Payne,"Designer, exhibition/display",Henson-Lewis,628-10-6995,jeffrey31,M,kathyharrington@yahoo.com,1983-02-10,2580
37978,Daniel Edwards,Farm manager,"Anderson, Hall and Cruz",624-76-2172,matthewalexander,M,bradyperez@hotmail.com,1950-01-23,6865
18722,Jessica Hancock,Biomedical engineer,Stanton-Henderson,222-58-7131,oliverstephen,F,zmorgan@yahoo.com,1959-01-13,36254
11937,Gloria Smith,Insurance risk surveyor,"Lester, Pierce and Madden",792-69-9348,qbrowning,F,rfischer@yahoo.com,1944-05-21,39984
11787,Cynthia Reeves,Phytotherapist,"Ramirez, Scott and Rose",326-44-3113,rubiofrank,F,vasquezkathryn@gmail.com,2009-05-11,40856
62153,Kyle Powell,Nature conservation officer,Rowe-Garrett,399-90-0630,william22,M,kimberly87@gmail.com,2008-08-02,54352
68828,Lindsey Oliver,Sub,Johnson PLC,182-83-8393,emily97,F,morriskrystal@hotmail.com,2000-03-04,28453
75015,Carla Fisher,Publishing copy,Hodge PLC,883-52-4297,nancy26,F,emilyjames@gmail.com,1962-08-05,2580
67181,Gilbert Jenkins,Tax inspector,"Cook, Wright and Taylor",523-28-8739,kathleen15,M,michaelanderson@hotmail.com,1954-03-09,32022
31726,Maria Harris,Airline pilot,Ray-Ford,658-91-1276,adamsjessica,F,deleonwilliam@gmail.com,1909-02-10,18348
94307,Heather Davis,Dietitian,"Ortiz, Guerrero and Kim",701-52-4328,morrowderrick,F,joshua07@yahoo.com,1974-11-16,42021
54678,Patrick Spears,"Chemist, analytical",Torres Group,232-95-6022,victor16,M,leonardsutton@gmail.com,1969-10-23,39984
51568,Lisa Hopkins,"Nurse, mental health",Hoover Group,050-74-0663,qclark,F,gmiller@yahoo.com,2017-03-20,55340
40613,Amber Vaughan,Professor Emeritus,Bell Group,025-58-0099,pam83,F,sanchezrebecca@yahoo.com,1981-04-01,4348
35741,Damon Jensen,Academic librarian,Brown and Sons,454-87-9994,larry03,M,jeremy94@gmail.com,1911-08-05,31534
30288,Zachary Garcia,Interpreter,"Silva, Washington and Moses",540-62-7123,wmoses,M,heatherhayden@yahoo.com,1933-01-05,48432
89794,Amy Price,Print production planner,Moore-Le,357-71-3290,brandi45,F,preyes@gmail.com,1947-07-25,32412
22900,Jasmine Cruz,"Education officer, museum",Horne Inc,772-47-8610,fgarcia,F,dixoncarl@yahoo.com,1939-06-29,32412
69062,Veronica Harding,Contractor,"Sims, Hicks and Smith",152-45-5866,sheilalopez,F,tatealexis@hotmail.com,1942-09-12,41533
56240,Brian Kelly,"Engineer, manufacturing",Gonzalez-Lopez,184-64-2477,smithcathy,M,vschneider@gmail.com,1912-03-26,29756
37425,Ashley Cook,Passenger transport manager,Williams Group,136-72-4870,mary59,F,harnold@gmail.com,1935-06-15,6650
28838,Ashley Williams,Office manager,"Edwards, Suarez and Thomas",036-50-9261,bernard52,F,blewis@hotmail.com,1967-06-05,18348
91667,Ann Crawford,Tourism officer,"Thompson, Alexander and Lane",441-73-2361,kellyhill,F,hbrown@gmail.com,1951-02-24,6650
30933,Chad Bridges,Geographical information systems officer,"Cortez, Kim and Kelley",425-62-6144,ldickson,M,barnesdustin@hotmail.com,1911-03-12,27383
75971,Dalton Fritz,"Investment banker, operational",Santiago Group,325-86-7252,nicholsdavid,M,palmercassandra@hotmail.com,1984-02-10,14529
78130,Madeline Stevenson,Web designer,Burke-Hancock,269-87-7723,darrellmorris,F,alisongreer@yahoo.com,1953-03-24,30908
30361,Meghan Perkins,Textile designer,Walter Group,272-95-3467,stephaniesantos,F,tbraun@gmail.com,1924-11-03,21793
69180,Patricia Dixon,Barrister's clerk,Cook-Walsh,400-03-4858,kmcdonald,F,heatherclark@yahoo.com,2002-01-11,6650
24321,Kelsey Grant,Airline pilot,Collins-Howell,198-43-6723,aaron20,F,pamela18@hotmail.com,1944-11-22,41533
17985,Alexander Wells,Financial trader,Sutton Group,170-22-7623,emma01,M,qbraun@gmail.com,2003-06-22,14529
78027,Jeffrey Alexander,"Surveyor, building",Austin-Clark,439-03-8922,maldonadoveronica,M,penavanessa@hotmail.com,1965-02-11,21793
98496,Kristina Flynn,Plant breeder/geneticist,Roberts Group,319-69-0621,fletchercathy,F,fdixon@hotmail.com,1974-07-18,21793
14599,David Lopez,Surgeon,Davis Group,381-68-5311,williamsonhannah,M,rsmith@yahoo.com,1936-06-17,22119
95937,Ricky Barnes,Editorial assistant,Wood-Sampson,537-82-1859,timothysantana,M,rebekahsmith@hotmail.com,1930-09-22,29756
22942,Rhonda Vaughan,"Designer, exhibition/display",Thompson-Scott,661-54-5250,andrea87,F,tracysosa@yahoo.com,1972-06-18,22119
54714,Zachary Diaz,"Scientist, water quality","Mcbride, Walker and Williams",523-34-6453,sandovalthomas,M,pachecosteven@yahoo.com,1945-04-05,32412
68965,Charles Taylor,Lobbyist,Martin and Sons,722-44-3590,hernandezdavid,M,courtney64@gmail.com,1927-08-19,30908
21229,Nathan Kirk,"Engineer, mining","Meyer, Valenzuela and Howard",754-59-1488,adrake,M,paula36@hotmail.com,1910-12-31,8496
88163,Barbara Giles,Environmental health practitioner,"Smith, Griffin and Smith",158-26-1039,hschmitt,F,ashley83@hotmail.com,1936-01-23,12411
88275,Aaron Cain,"Teacher, early years/pre",Morrison-Davis,429-13-3089,melissanavarro,M,ishepherd@yahoo.com,1950-06-16,13421
49036,Linda Foster,Training and development officer,Burns Group,008-78-5319,jason95,F,ejenkins@hotmail.com,1983-02-08,4348
42763,Brittany Johnson,Social worker,Robinson Ltd,464-72-9958,hoodcarla,F,phillipharper@hotmail.com,1935-07-13,24669
95315,Michelle Hill,Sports therapist,Johnson Inc,404-52-4637,hsalinas,F,fernandezeric@gmail.com,1946-11-20,32022
13692,David Fletcher,"Investment banker, operational",Anderson Ltd,541-80-2945,jill18,M,shelbysweeney@hotmail.com,1984-07-30,8179
41528,David Waters,Careers adviser,Owen-Howard,276-42-1693,teresawhite,M,matthew91@gmail.com,1911-03-25,32412
93085,Dr. Isaiah Davies,Operations geologist,Hunt-Peterson,603-44-4266,gallagherelizabeth,M,kscott@yahoo.com,2005-10-30,7954
95806,William Mccarty,Software engineer,Duke-Hammond,510-79-8288,shannon19,M,kaitlyn18@hotmail.com,1908-04-27,18348
75489,Michael Goodman,Fast food restaurant manager,Mathews-Robertson,804-34-3290,jennaarnold,M,luis49@hotmail.com,1949-02-18,12411
19844,Amanda Quinn,Magazine journalist,Stokes PLC,178-46-4827,edward39,F,andrewbauer@gmail.com,1984-06-14,27540
30306,Brent Hernandez,Careers information officer,Hernandez and Sons,418-50-0307,matthewtownsend,M,ferrellkeith@hotmail.com,1932-09-24,53869
66475,Matthew Cisneros,"Accountant, chartered certified","Austin, Powell and Harding",862-64-9829,rward,M,tylerdavid@gmail.com,2005-11-20,54352
63745,Jaime Rogers,"Engineer, electrical","Carter, Shields and Garcia",277-21-2469,tryan,M,jenkinsmatthew@gmail.com,2004-05-10,8496
28012,Marc Ponce,Government social research officer,Glass Ltd,176-28-6303,allenkristin,M,cindydavis@gmail.com,2003-01-23,21793
48713,Alexander Peters,"Civil engineer, consulting",Hayes-David,488-34-7848,fisherlaura,M,angelahall@hotmail.com,1940-12-23,36956
62446,Jennifer Marshall,"Engineer, energy",Boyd Group,872-10-3744,joshuamays,F,kristinperry@yahoo.com,1963-09-18,18348
59783,Nicholas Smith,Architect,Middleton-Stanley,587-76-0233,xaguirre,M,fheath@gmail.com,2019-03-28,6650
38333,Jessica Wilson,Clinical molecular geneticist,"Black, Mills and Fuller",730-95-9161,archerfrank,F,patricklopez@hotmail.com,1910-03-24,27540
55116,Keith Ramsey,"Physicist, medical",Campbell-Miller,650-73-7267,jason06,M,whenderson@gmail.com,1925-05-31,9127
90562,Michelle Sutton,Homeopath,"Aguirre, Parker and Williams",209-39-7966,sharon91,F,diana20@hotmail.com,1985-02-20,22119
98262,Tina Morales,Soil scientist,Drake-Webb,186-01-7124,kristen74,F,alexandra22@yahoo.com,1914-10-09,32022
23264,Adam Burns,Higher education lecturer,Mcdowell-Romero,543-20-1817,jamescoleman,M,sydneywagner@yahoo.com,1932-05-14,21793
56073,Randall Ponce,Translator,Peterson-Nixon,851-78-0404,crodgers,M,jsalas@hotmail.com,1988-11-03,12411
40207,Cameron Woods,"Administrator, sports",Alvarez-Young,210-27-9804,ashley08,M,nmorgan@hotmail.com,1994-06-16,7954
92961,Megan Nash,Child psychotherapist,Johnston Ltd,739-84-0666,qdyer,F,savannahsoto@hotmail.com,2000-05-03,45724
94329,Cody Morris,Personnel officer,Wilson-Clark,306-10-3508,michael76,M,debra49@yahoo.com,2020-07-06,24257
54738,Valerie Jacobs,"Programmer, applications",Reed Group,662-53-8953,rwright,F,edward63@gmail.com,2018-05-30,42021
90445,Justin Sampson,Trade mark attorney,Davenport and Sons,498-89-4939,halekrystal,M,abigail75@gmail.com,2019-03-30,13421
10243,Gina Ibarra,"Librarian, public",Stevens-Patel,053-09-7400,stephenknight,F,allisonsmith@yahoo.com,1927-06-17,13421
25608,Susan Jones,"Pharmacist, community",Palmer-Perez,469-08-1823,andrewcole,F,blakeperez@yahoo.com,2013-01-15,45724
76377,Renee Bass,Health and safety inspector,Arroyo LLC,710-27-3992,charlesgreen,F,jeffreychavez@yahoo.com,2017-12-10,13421
91714,Stephanie Meza,Research scientist (life sciences),Hancock Group,558-23-0023,tblackburn,F,santananicole@gmail.com,1925-12-06,29756
21238,Sara Daniel,Automotive engineer,Collins-Jones,065-11-3670,kenneth68,F,martin44@yahoo.com,1971-08-23,53869
24683,George Butler,Camera operator,Gonzalez-Banks,702-87-3422,brittanybryant,M,christopherwilson@hotmail.com,1971-11-22,24257
52069,Shawn Gregory,Education administrator,Gordon-Smith,227-47-8817,david33,M,steven26@yahoo.com,1966-09-14,13421
63597,Glenda Shelton,"Engineer, mining","Williams, Carroll and Garner",674-62-9447,kayla57,F,amyhuff@gmail.com,1959-04-27,32022
71444,Karen Johnson,Research scientist (life sciences),Underwood PLC,394-90-4950,jamesjohnson,F,hernandezannette@gmail.com,1908-12-06,42832
20374,Sonya Lucas,"Surveyor, minerals",Barrett Group,394-38-5276,leroysosa,F,upayne@hotmail.com,1936-03-02,55340
15773,Michelle Pham,Advertising art director,Salazar-Holt,225-30-6799,danielbenton,F,vhernandez@hotmail.com,1912-07-16,28453
21225,Daniel Carter,Retail merchandiser,"Scott, Anderson and Rivera",122-95-6430,briancantu,M,drakefrederick@hotmail.com,1965-02-28,31534
44635,Shannon Smith,Horticultural therapist,"Morrison, Moyer and Pruitt",523-77-6445,smithrichard,F,allenthompson@yahoo.com,1988-04-23,21793
57726,Michael Wood,Senior tax professional/tax inspector,Huff-Davila,208-52-0995,matthew45,M,seth24@gmail.com,1943-03-05,51256
16193,Brandon Jones,Acupuncturist,Cox Ltd,641-15-7394,fredericklopez,M,csaunders@yahoo.com,1997-02-15,22119
67257,Brittany Frank,Equality and diversity officer,Anderson-Rollins,458-12-5792,evanslisa,F,mike86@yahoo.com,1945-10-21,36956
20444,Michele Hall,"Production assistant, radio","Perez, Wells and Allen",019-15-0365,stephanie00,F,shawnharris@gmail.com,1977-09-30,4348
90987,Jessica Miller,Water engineer,Carroll-Vasquez,154-53-9990,smithdavid,F,danieltucker@hotmail.com,1996-03-23,36956
17735,Thomas Sullivan,Operational researcher,Reynolds Group,602-17-6325,karen32,M,kathycolon@yahoo.com,1976-12-29,42832
90677,Felicia Mendoza,Cytogeneticist,"Smith, Williams and Anderson",853-26-9328,okelley,F,anthonybrown@gmail.com,1972-12-23,29756
88298,Chelsea Andrews,Chief of Staff,Harris LLC,281-08-9945,wgreen,F,brandonramirez@yahoo.com,1926-11-21,51256
91711,Kimberly Gardner,Television floor manager,Andrade-Torres,393-32-0401,scottfrank,F,amber45@gmail.com,1974-09-09,13421
89712,Richard Morales,Accommodation manager,"Hughes, Murray and Lambert",852-62-4783,caitlinhodges,M,valerie19@hotmail.com,2004-07-24,42832
14209,Mario Spencer,Local government officer,"Dorsey, Horn and Colon",586-82-7973,slopez,M,brandibray@yahoo.com,2011-02-21,1493
23091,Kristin Walker,"Therapist, music","Bell, Austin and Wu",230-69-9990,lharrison,F,chill@hotmail.com,1939-10-11,32406
72655,Gabriel Mcgee,Archivist,"Bass, Kennedy and Olson",543-44-7798,fthomas,M,robertsonnancy@hotmail.com,2019-03-27,936
46732,Cory Watson,Advertising copywriter,Brown Inc,895-71-5472,harrislaura,M,zball@gmail.com,1956-12-30,36254
36892,Spencer Parker,Animal technologist,"Marsh, Henry and Huang",796-44-8320,htaylor,M,christopherreyes@yahoo.com,2002-08-09,7954
85771,Keith Pearson,Holiday representative,Martinez PLC,102-45-9140,wrusso,M,brownnicole@yahoo.com,1973-08-19,42832
61163,Penny Blanchard,Operations geologist,Peterson-Mccoy,791-17-7346,abenson,F,stephaniegutierrez@yahoo.com,1994-07-25,27540
78687,Matthew Ruiz,Community arts worker,Roberson-Quinn,359-82-0151,smithjennifer,M,terri97@yahoo.com,1943-10-12,21793
